{"accuracy": 0.7968778036963933, "precision": 0.8215434083601286, "recall": 0.815772669220945, "fi_score": 0.818647869272669}