{
    "Validation": {
        "accuracy": 0.5339135115736587,
        "precision": 0.5642350679004927,
        "recall": 0.7495210727969349,
        "f1_score": 0.6438121357559136
    },
    "Test": {
        "accuracy": 0.5327471738740355,
        "precision": 0.5633701392222755,
        "recall": 0.7493614303959132,
        "f1_score": 0.6431899150452178
    }
}